long;lat;Region;Production;id
-17,5;14,72;Dakar;0;Dakar
-16,21;14,79;Diourbel;61982;Diourbel
-16,52;14;Fatick;182000;Fatick
-15,08;14,1;Kaffrine;144938;Kaolack
-14,56;12,94;Kolda;41023;Kolda
-15,3;15,2;Louga;26390;Louga
-15,1;16,3;Saint-Louis;31;Saint-Louis
-13,64;13,75;Tambacounda;44855;Tambacounda
-16,92;14,76;Thies;57318;Thiès
-16,4;12,73;Ziguinchor;3878;Ziguinchor
-13,8;15,2;Matam;5366;Matam
-15,87;13,7;Kaolack;171560;Kaffrine
-12,52;12,8;Kedougou;0;Kédougou
-15,56;12,79;Sedhiou;67703;Sédhiou
